"campaignid","sample","latitude","longitude","date","time","location","status","site","depth","observer","successful.count","successful.length","comment"
"2008-05_Abrolhos.ROA_stereoBRUVs","8EFD1a",-28.699,113.841,20080505,"15:07:00","Easter","Fished","Suomi.Is.",24,"DM","Yes","Yes",NA
"2008-05_Abrolhos.ROA_stereoBRUVs","8EFD1b",-28.7492,113.7942,20080504,"15:26:00","Easter","Fished","Woody.Is.",24,"DM","Yes","Yes",NA
"2008-05_Abrolhos.ROA_stereoBRUVs","8EFD1c",-28.71,113.7908,20080504,"13:28:00","Easter","Fished","Rat.Is.",24,"DM","Yes","Yes",NA
"2008-05_Abrolhos.ROA_stereoBRUVs","8EFD2a",-28.691,113.8323,20080505,"15:14:00","Easter","Fished","Suomi.Is.",24,"DM","Yes","Yes",NA
"2008-05_Abrolhos.ROA_stereoBRUVs","8EFD2b",-28.7428,113.8036,20080504,"15:30:00","Easter","Fished","Woody.Is.",24,"DM","Yes","Yes",NA
"2008-05_Abrolhos.ROA_stereoBRUVs","8EFD2c",-28.7057,113.7878,20080504,"13:31:00","Easter","Fished","Rat.Is.",24,"DM","Yes","Yes",NA
"2008-05_Abrolhos.ROA_stereoBRUVs","8EFD3a",-28.6927,113.8335,20080505,"15:28:00","Easter","Fished","Suomi.Is.",24,"DM","Yes","Yes",NA
"2008-05_Abrolhos.ROA_stereoBRUVs","8EFD3b",-28.741,113.8033,20080504,"15:45:00","Easter","Fished","Woody.Is.",24,"DM","Yes","Yes",NA
"2008-05_Abrolhos.ROA_stereoBRUVs","8EFD3c",-28.7103,113.7943,20080504,"13:35:00","Easter","Fished","Rat.Is.",24,"DM","Yes","Yes",NA
"2008-05_Abrolhos.ROA_stereoBRUVs","8EFD4a",-28.6883,113.8359,20080505,"15:31:00","Easter","Fished","Suomi.Is.",24,"DM","Yes","Yes",NA
"2008-05_Abrolhos.ROA_stereoBRUVs","8EFD4b",-28.7374,113.8048,20080504,"15:47:00","Easter","Fished","Woody.Is.",24,"DM","Yes","Yes",NA
"2008-05_Abrolhos.ROA_stereoBRUVs","8EFD4c",-28.7048,113.7907,20080504,"13:57:00","Easter","Fished","Rat.Is.",24,"DM","Yes","Yes",NA
"2008-05_Abrolhos.ROA_stereoBRUVs","8EFD5a",-28.7024,113.8425,20080505,"15:34:00","Easter","Fished","Suomi.Is.",24,"DM","Yes","Yes",NA
"2008-05_Abrolhos.ROA_stereoBRUVs","8EFD5b",-28.7456,113.7986,20080504,"15:50:00","Easter","Fished","Woody.Is.",24,"DM","No","No",NA
"2008-05_Abrolhos.ROA_stereoBRUVs","8EFD5c",-28.7022,113.7848,20080504,"14:00:00","Easter","Fished","Rat.Is.",24,"DM","Yes","Yes",NA
"2008-05_Abrolhos.ROA_stereoBRUVs","8EFS1a",-28.6996,113.8393,20080505,"16:26:00","Easter","Fished","Suomi.Is.",10,"DM","Yes","Yes",NA
"2008-05_Abrolhos.ROA_stereoBRUVs","8EFS1b",-28.7475,113.8052,20080504,"15:34:00","Easter","Fished","Woody.Is.",10,"DM","Yes","Yes",NA
"2008-05_Abrolhos.ROA_stereoBRUVs","8EFS1c",-28.7038,113.7833,20080504,"13:25:00","Easter","Fished","Rat.Is.",10,"DM","Yes","Yes",NA
"2008-05_Abrolhos.ROA_stereoBRUVs","8EFS2a",-28.6994,113.839,20080505,"15:16:00","Easter","Fished","Suomi.Is.",10,"DM","Yes","Yes",NA
"2008-05_Abrolhos.ROA_stereoBRUVs","8EFS2b",-28.7457,113.8044,20080504,"15:39:00","Easter","Fished","Woody.Is.",10,"DM","Yes","Yes",NA
"2008-05_Abrolhos.ROA_stereoBRUVs","8EFS2c",-28.7028,113.7795,20080504,"13:42:00","Easter","Fished","Rat.Is.",10,"DM","Yes","Yes",NA
"2008-05_Abrolhos.ROA_stereoBRUVs","8EFS3a",-28.6951,113.8392,20080505,"15:19:00","Easter","Fished","Suomi.Is.",10,"DM","Yes","Yes",NA
"2008-05_Abrolhos.ROA_stereoBRUVs","8EFS3b",-28.7512,113.7996,20080504,"15:42:00","Easter","Fished","Woody.Is.",10,"DM","Yes","Yes",NA
"2008-05_Abrolhos.ROA_stereoBRUVs","8EFS3c",-28.7002,113.7792,20080504,"13:47:00","Easter","Fished","Rat.Is.",10,"DM","Yes","Yes",NA
"2008-05_Abrolhos.ROA_stereoBRUVs","8EFS4a",-28.6924,113.8371,20080505,"15:21:00","Easter","Fished","Suomi.Is.",10,"DM","Yes","Yes",NA
"2008-05_Abrolhos.ROA_stereoBRUVs","8EFS4b",-28.7512,113.7948,20080504,"16:15:00","Easter","Fished","Woody.Is.",10,"DM","Yes","Yes",NA
"2008-05_Abrolhos.ROA_stereoBRUVs","8EFS4c",-28.7007,113.7882,20080504,"15:04:00","Easter","Fished","Rat.Is.",10,"DM","Yes","Yes",NA
"2008-05_Abrolhos.ROA_stereoBRUVs","8EFS5a",-28.6989,113.8368,20080505,"15:25:00","Easter","Fished","Suomi.Is.",10,"DM","Yes","Yes",NA
"2008-05_Abrolhos.ROA_stereoBRUVs","8EFS5b",-28.7493,113.8027,20080504,"16:19:00","Easter","Fished","Woody.Is.",10,"DM","Yes","Yes",NA
"2008-05_Abrolhos.ROA_stereoBRUVs","8EFS5c",-28.6981,113.7819,20080504,"15:00:00","Easter","Fished","Rat.Is.",10,"DM","Yes","Yes",NA
"2008-05_Abrolhos.ROA_stereoBRUVs","8ERD1",-28.6846,113.8563,20080505,"13:30:00","Easter","No-take","Leo.s.Is.",24,"DM","Yes","Yes",NA
"2008-05_Abrolhos.ROA_stereoBRUVs","8ERD2",-28.6826,113.8557,20080505,"13:36:00","Easter","No-take","Leo.s.Is.",24,"DM","Yes","Yes",NA
"2008-05_Abrolhos.ROA_stereoBRUVs","8ERD3",-28.672,113.8445,20080505,"13:41:00","Easter","No-take","Leo.s.Is.",24,"DM","Yes","Yes",NA
"2008-05_Abrolhos.ROA_stereoBRUVs","8ERD4",-28.6703,113.8422,20080505,"13:54:00","Easter","No-take","Leo.s.Is.",24,"DM","Yes","Yes",NA
"2008-05_Abrolhos.ROA_stereoBRUVs","8ERD5",-28.6799,113.8538,20080505,"13:56:00","Easter","No-take","Leo.s.Is.",24,"DM","Yes","Yes",NA
"2008-05_Abrolhos.ROA_stereoBRUVs","8ERS1",-28.6813,113.8567,20080505,"13:33:00","Easter","No-take","Leo.s.Is.",10,"DM","Yes","Yes",NA
"2008-05_Abrolhos.ROA_stereoBRUVs","8ERS2",-28.6773,113.8545,20080505,"13:39:00","Easter","No-take","Leo.s.Is.",10,"DM","Yes","Yes",NA
"2008-05_Abrolhos.ROA_stereoBRUVs","8ERS3",-28.6771,113.8515,20080505,"13:45:00","Easter","No-take","Leo.s.Is.",10,"DM","Yes","Yes",NA
"2008-05_Abrolhos.ROA_stereoBRUVs","8ERS4",-28.6731,113.8438,20080505,"13:47:00","Easter","No-take","Leo.s.Is.",10,"DM","Yes","Yes",NA
"2008-05_Abrolhos.ROA_stereoBRUVs","8ERS5",-28.6783,113.8578,20080505,"13:51:00","Easter","No-take","Leo.s.Is.",10,"DM","Yes","Yes",NA
"2008-05_Abrolhos.ROA_stereoBRUVs","8NFS1a",-28.3183,113.61,20080503,"09:15:00","North","Fished","SoutheastNorthIs",10,"DM","Yes","Yes",NA
"2008-05_Abrolhos.ROA_stereoBRUVs","8NFS1b",-28.3016,113.6094,20080503,"11:52:00","North","Fished","EastNorthIs",10,"DM","Yes","Yes",NA
"2008-05_Abrolhos.ROA_stereoBRUVs","8NFS1c",-28.2861,113.5998,20080503,"11:15:00","North","Fished","NorthEastNorthIs",10,"DM","Yes","Yes",NA
"2008-05_Abrolhos.ROA_stereoBRUVs","8NFS2a",-28.3156,113.6106,20080503,"09:19:00","North","Fished","SoutheastNorthIs",10,"DM","Yes","Yes",NA
"2008-05_Abrolhos.ROA_stereoBRUVs","8NFS2b",-28.2985,113.61,20080503,"11:50:00","North","Fished","EastNorthIs",10,"DM","Yes","Yes",NA
"2008-05_Abrolhos.ROA_stereoBRUVs","8NFS2c",-28.2781,113.5971,20080503,"11:10:00","North","Fished","NorthEastNorthIs",10,"DM","Yes","Yes",NA
"2008-05_Abrolhos.ROA_stereoBRUVs","8NFS3a",-28.3124,113.6097,20080503,"09:23:00","North","Fished","SoutheastNorthIs",10,"DM","Yes","Yes",NA
"2008-05_Abrolhos.ROA_stereoBRUVs","8NFS3b",-28.2952,113.6092,20080503,"11:30:00","North","Fished","EastNorthIs",10,"DM","Yes","Yes",NA
"2008-05_Abrolhos.ROA_stereoBRUVs","8NFS3c",-28.2755,113.5974,20080503,"11:06:00","North","Fished","NorthEastNorthIs",10,"DM","Yes","Yes",NA
"2008-05_Abrolhos.ROA_stereoBRUVs","8NFS4a",-28.3097,113.6102,20080503,"09:27:00","North","Fished","SoutheastNorthIs",10,"DM","Yes","Yes",NA
"2008-05_Abrolhos.ROA_stereoBRUVs","8NFS4b",-28.2936,113.6034,20080503,"11:25:00","North","Fished","EastNorthIs",10,"DM","Yes","Yes",NA
"2008-05_Abrolhos.ROA_stereoBRUVs","8NFS4c",-28.2731,113.5961,20080503,"11:02:00","North","Fished","NorthEastNorthIs",10,"DM","Yes","Yes",NA
"2008-05_Abrolhos.ROA_stereoBRUVs","8NFS5a",-28.3063,113.6102,20080503,"09:31:00","North","Fished","SoutheastNorthIs",10,"DM","Yes","Yes",NA
"2008-05_Abrolhos.ROA_stereoBRUVs","8NFS5b",-28.2898,113.6009,20080503,"11:20:00","North","Fished","EastNorthIs",10,"DM","Yes","Yes",NA
"2008-05_Abrolhos.ROA_stereoBRUVs","8NFS5c",-28.2711,113.5942,20080503,"11:00:00","North","Fished","NorthEastNorthIs",10,"DM","Yes","Yes",NA
"2008-05_Abrolhos.ROA_stereoBRUVs","8NRS1",-28.3329,113.6003,20080503,"08:50:00","North","No-take","NorthIsMPA",10,"DM","Yes","Yes",NA
"2008-05_Abrolhos.ROA_stereoBRUVs","8NRS2",-28.3296,113.6034,20080503,"10:15:00","North","No-take","NorthIsMPA",10,"DM","Yes","Yes",NA
"2008-05_Abrolhos.ROA_stereoBRUVs","8NRS3",-28.3283,113.606,20080503,"09:01:00","North","No-take","NorthIsMPA",10,"DM","Yes","Yes",NA
"2008-05_Abrolhos.ROA_stereoBRUVs","8NRS4",-28.3257,113.6065,20080503,"10:24:00","North","No-take","NorthIsMPA",10,"DM","Yes","Yes",NA
"2008-05_Abrolhos.ROA_stereoBRUVs","8NRS5",-28.3239,113.6088,20080503,"09:07:00","North","No-take","NorthIsMPA",10,"DM","Yes","Yes",NA
"2008-05_Abrolhos.ROA_stereoBRUVs","8PFD1a",-28.8595,114.0009,20080504,"10:17:00","Pelsaert","Fished","Newman.Is.",24,"DM","Yes","Yes",NA
"2008-05_Abrolhos.ROA_stereoBRUVs","8PFD1b",-28.8857,114.0072,20080506,"11:26:00","Pelsaert","Fished","Whale.Bay",24,"DM","Yes","Yes",NA
"2008-05_Abrolhos.ROA_stereoBRUVs","8PFD1c",-28.8894,113.9252,20080504,"08:08:00","Pelsaert","Fished","Stick.Is.",24,"DM","Yes","Yes",NA
"2008-05_Abrolhos.ROA_stereoBRUVs","8PFD2a",-28.8593,113.9989,20080504,"10:20:00","Pelsaert","Fished","Newman.Is.",24,"DM","Yes","Yes",NA
"2008-05_Abrolhos.ROA_stereoBRUVs","8PFD2b",-28.8874,114.007,20080506,"11:29:00","Pelsaert","Fished","Whale.Bay",24,"DM","Yes","Yes",NA
"2008-05_Abrolhos.ROA_stereoBRUVs","8PFD2c",-28.8914,113.9268,20080504,"08:20:00","Pelsaert","Fished","Stick.Is.",24,"DM","Yes","Yes",NA
"2008-05_Abrolhos.ROA_stereoBRUVs","8PFD3a",-28.857,113.997,20080504,"10:24:00","Pelsaert","Fished","Newman.Is.",24,"DM","Yes","Yes",NA
"2008-05_Abrolhos.ROA_stereoBRUVs","8PFD3b",-28.8897,114.0074,20080506,"11:31:00","Pelsaert","Fished","Whale.Bay",24,"DM","Yes","Yes",NA
"2008-05_Abrolhos.ROA_stereoBRUVs","8PFD3c",-28.8932,113.9255,20080504,"08:26:00","Pelsaert","Fished","Stick.Is.",24,"DM","Yes","Yes",NA
"2008-05_Abrolhos.ROA_stereoBRUVs","8PFD4a",-28.8558,113.9962,20080504,"11:00:00","Pelsaert","Fished","Newman.Is.",24,"DM","Yes","Yes",NA
"2008-05_Abrolhos.ROA_stereoBRUVs","8PFD4b",-28.8913,114.0088,20080506,"11:35:00","Pelsaert","Fished","Whale.Bay",24,"DM","Yes","Yes",NA
"2008-05_Abrolhos.ROA_stereoBRUVs","8PFD4c",-28.8948,113.9248,20080504,"08:33:00","Pelsaert","Fished","Stick.Is.",24,"DM","Yes","Yes",NA
"2008-05_Abrolhos.ROA_stereoBRUVs","8PFD5a",-28.8625,114.002,20080504,"11:05:00","Pelsaert","Fished","Newman.Is.",24,"DM","Yes","Yes",NA
"2008-05_Abrolhos.ROA_stereoBRUVs","8PFD5b",-28.8836,114.0085,20080506,"11:37:00","Pelsaert","Fished","Whale.Bay",24,"DM","Yes","Yes",NA
"2008-05_Abrolhos.ROA_stereoBRUVs","8PFD5c",-28.8857,113.9256,20080504,"09:40:00","Pelsaert","Fished","Stick.Is.",24,"DM","Yes","Yes",NA
"2008-05_Abrolhos.ROA_stereoBRUVs","8PFS1a",-28.8616,113.9994,20080504,"10:05:00","Pelsaert","Fished","Newman.Is.",10,"DM","Yes","Yes",NA
"2008-05_Abrolhos.ROA_stereoBRUVs","8PFS1b",-28.8927,114.007,20080506,"11:10:00","Pelsaert","Fished","Whale.Bay",10,"DM","Yes","Yes",NA
"2008-05_Abrolhos.ROA_stereoBRUVs","8PFS1c",-28.8869,113.924,20080504,"08:13:00","Pelsaert","Fished","Stick.Is.",10,"DM","Yes","Yes",NA
"2008-05_Abrolhos.ROA_stereoBRUVs","8PFS2a",-28.8611,113.9975,20080504,"10:08:00","Pelsaert","Fished","Newman.Is.",10,"DM","Yes","Yes",NA
"2008-05_Abrolhos.ROA_stereoBRUVs","8PFS2b",-28.8941,114.0067,20080506,"11:13:00","Pelsaert","Fished","Whale.Bay",10,"DM","Yes","Yes",NA
"2008-05_Abrolhos.ROA_stereoBRUVs","8PFS2c",-28.8973,113.9231,20080504,"08:16:00","Pelsaert","Fished","Stick.Is.",10,"DM","Yes","Yes",NA
"2008-05_Abrolhos.ROA_stereoBRUVs","8PFS3a",-28.86,113.996,20080504,"10:12:00","Pelsaert","Fished","Newman.Is.",10,"DM","Yes","Yes",NA
"2008-05_Abrolhos.ROA_stereoBRUVs","8PFS3b",-28.89,114.0056,20080506,"11:16:00","Pelsaert","Fished","Whale.Bay",10,"DM","Yes","Yes",NA
"2008-05_Abrolhos.ROA_stereoBRUVs","8PFS3c",-28.8996,113.9241,20080504,"08:42:00","Pelsaert","Fished","Stick.Is.",10,"DM","Yes","Yes",NA
"2008-05_Abrolhos.ROA_stereoBRUVs","8PFS4a",-28.8615,113.9945,20080504,"10:15:00","Pelsaert","Fished","Newman.Is.",10,"DM","Yes","Yes",NA
"2008-05_Abrolhos.ROA_stereoBRUVs","8PFS4b",-28.8874,114.0047,20080506,"11:20:00","Pelsaert","Fished","Whale.Bay",10,"DM","Yes","Yes",NA
"2008-05_Abrolhos.ROA_stereoBRUVs","8PFS4c",-28.9015,113.9236,20080504,"08:45:00","Pelsaert","Fished","Stick.Is.",10,"DM","Yes","Yes",NA
"2008-05_Abrolhos.ROA_stereoBRUVs","8PFS5a",-28.8648,114.0031,20080504,"00:00:00","Pelsaert","Fished","Newman.Is.",10,"DM","No","No",NA
"2008-05_Abrolhos.ROA_stereoBRUVs","8PFS5b",-28.8849,114.006,20080506,"11:23:00","Pelsaert","Fished","Whale.Bay",10,"DM","Yes","Yes",NA
"2008-05_Abrolhos.ROA_stereoBRUVs","8PFS5c",-28.8878,113.9271,20080504,"09:15:00","Pelsaert","Fished","Stick.Is.",10,"DM","Yes","Yes",NA
"2008-05_Abrolhos.ROA_stereoBRUVs","8PRD1",-28.86,114.0135,20080506,"09:27:00","Pelsaert","No-take","Coral.Patches",24,"DM","Yes","Yes",NA
"2008-05_Abrolhos.ROA_stereoBRUVs","8PRD2",-28.8615,114.0137,20080506,"09:38:00","Pelsaert","No-take","Coral.Patches",24,"DM","Yes","Yes",NA
"2008-05_Abrolhos.ROA_stereoBRUVs","8PRD3",-28.8616,114.0182,20080506,"09:44:00","Pelsaert","No-take","Coral.Patches",24,"DM","Yes","Yes",NA
"2008-05_Abrolhos.ROA_stereoBRUVs","8PRD4",-28.8602,114.0201,20080506,"09:48:00","Pelsaert","No-take","Coral.Patches",24,"DM","Yes","Yes",NA
"2008-05_Abrolhos.ROA_stereoBRUVs","8PRD5",-28.8618,114.0131,20080506,"09:51:00","Pelsaert","No-take","Coral.Patches",24,"DM","Yes","Yes",NA
"2008-05_Abrolhos.ROA_stereoBRUVs","8PRS1",-28.8591,114.0174,20080506,"09:22:00","Pelsaert","No-take","Coral.Patches",10,"DM","Yes","Yes",NA
"2008-05_Abrolhos.ROA_stereoBRUVs","8PRS2",-28.859,114.0152,20080506,"09:31:00","Pelsaert","No-take","Coral.Patches",10,"DM","Yes","Yes",NA
"2008-05_Abrolhos.ROA_stereoBRUVs","8PRS3",-28.856,114.0141,20080506,"09:35:00","Pelsaert","No-take","Coral.Patches",10,"DM","Yes","Yes",NA
"2008-05_Abrolhos.ROA_stereoBRUVs","8PRS4",-28.8545,114.0128,20080506,"09:55:00","Pelsaert","No-take","Coral.Patches",10,"DM","Yes","Yes",NA
"2008-05_Abrolhos.ROA_stereoBRUVs","8PRS5",-28.8614,114.0102,20080506,"09:58:00","Pelsaert","No-take","Coral.Patches",10,"DM","Yes","Yes",NA
"2008-05_Abrolhos.ROA_stereoBRUVs","8WFD1a",-28.491,113.7716,20080505,"09:25:00","Wallabi","Fished","Long.Is.",24,"DM","Yes","Yes",NA
"2008-05_Abrolhos.ROA_stereoBRUVs","8WFD1b",-28.4699,113.7656,20080503,"15:39:00","Wallabi","Fished","Wann.Is.",24,"DM","Yes","Yes",NA
"2008-05_Abrolhos.ROA_stereoBRUVs","8WFD1c",-28.423,113.75,20080503,"13:32:00","Wallabi","Fished","Fish.Point",24,"DM","Yes","Yes",NA
"2008-05_Abrolhos.ROA_stereoBRUVs","8WFD2a",-28.4791,113.7758,20080505,"09:30:00","Wallabi","Fished","Long.Is.",24,"DM","Yes","Yes",NA
"2008-05_Abrolhos.ROA_stereoBRUVs","8WFD2b",-28.4722,113.7649,20080503,"15:50:00","Wallabi","Fished","Wann.Is.",24,"DM","Yes","Yes",NA
"2008-05_Abrolhos.ROA_stereoBRUVs","8WFD2c",-28.413,113.7375,20080503,"13:48:00","Wallabi","Fished","Fish.Point",24,"DM","Yes","Yes",NA
"2008-05_Abrolhos.ROA_stereoBRUVs","8WFD3a",-28.4807,113.7751,20080505,"09:33:00","Wallabi","Fished","Long.Is.",24,"DM","Yes","Yes",NA
"2008-05_Abrolhos.ROA_stereoBRUVs","8WFD3b",-28.4705,113.7673,20080503,"15:54:00","Wallabi","Fished","Wann.Is.",24,"DM","Yes","Yes",NA
"2008-05_Abrolhos.ROA_stereoBRUVs","8WFD3c",-28.4107,113.7333,20080503,"13:55:00","Wallabi","Fished","Fish.Point",24,"DM","Yes","Yes",NA
"2008-05_Abrolhos.ROA_stereoBRUVs","8WFD4a",-28.4821,113.7743,20080505,"10:14:00","Wallabi","Fished","Long.Is.",24,"DM","Yes","Yes",NA
"2008-05_Abrolhos.ROA_stereoBRUVs","8WFD4b",-28.4752,113.7632,20080503,"16:05:00","Wallabi","Fished","Wann.Is.",24,"DM","Yes","Yes",NA
"2008-05_Abrolhos.ROA_stereoBRUVs","8WFD4c",-28.4091,113.7317,20080503,"13:59:00","Wallabi","Fished","Fish.Point",24,"DM","Yes","Yes",NA
"2008-05_Abrolhos.ROA_stereoBRUVs","8WFD5a",-28.4974,113.7702,20080505,"10:24:00","Wallabi","Fished","Long.Is.",24,"DM","Yes","Yes",NA
"2008-05_Abrolhos.ROA_stereoBRUVs","8WFD5b",-28.4782,113.7639,20080503,"16:10:00","Wallabi","Fished","Wann.Is.",24,"DM","Yes","Yes",NA
"2008-05_Abrolhos.ROA_stereoBRUVs","8WFD5c",-28.4017,113.717,20080503,"14:22:00","Wallabi","Fished","Fish.Point",24,"DM","Yes","Yes",NA
"2008-05_Abrolhos.ROA_stereoBRUVs","8WFS1a",-28.4887,113.7718,20080505,"09:37:00","Wallabi","Fished","Long.Is.",10,"DM","Yes","Yes",NA
"2008-05_Abrolhos.ROA_stereoBRUVs","8WFS1b",-28.4683,113.765,20080503,"15:44:00","Wallabi","Fished","Wann.Is.",10,"DM","Yes","Yes",NA
"2008-05_Abrolhos.ROA_stereoBRUVs","8WFS1c",-28.419,113.7378,20080503,"13:37:00","Wallabi","Fished","Fish.Point",10,"DM","Yes","Yes",NA
"2008-05_Abrolhos.ROA_stereoBRUVs","8WFS2a",-28.493,113.7711,20080505,"10:08:00","Wallabi","Fished","Long.Is.",10,"DM","Yes","Yes",NA
"2008-05_Abrolhos.ROA_stereoBRUVs","8WFS2b",-28.4684,113.768,20080503,"15:47:00","Wallabi","Fished","Wann.Is.",10,"DM","Yes","Yes",NA
"2008-05_Abrolhos.ROA_stereoBRUVs","8WFS2c",-28.4208,113.7397,20080503,"14:04:00","Wallabi","Fished","Fish.Point",10,"DM","Yes","Yes",NA
"2008-05_Abrolhos.ROA_stereoBRUVs","8WFS3a",-28.4952,113.7707,20080505,"10:10:00","Wallabi","Fished","Long.Is.",10,"DM","Yes","Yes",NA
"2008-05_Abrolhos.ROA_stereoBRUVs","8WFS3b",-28.4725,113.7673,20080503,"00:00:00","Wallabi","Fished","Wann.Is.",10,"DM","No","No",NA
"2008-05_Abrolhos.ROA_stereoBRUVs","8WFS3c",-28.4215,113.7412,20080503,"14:10:00","Wallabi","Fished","Fish.Point",10,"DM","Yes","Yes",NA
"2008-05_Abrolhos.ROA_stereoBRUVs","8WFS4a",-28.4837,113.7735,20080505,"10:17:00","Wallabi","Fished","Long.Is.",10,"DM","Yes","Yes",NA
"2008-05_Abrolhos.ROA_stereoBRUVs","8WFS4b",-28.473,113.7693,20080503,"15:58:00","Wallabi","Fished","Wann.Is.",10,"DM","Yes","Yes",NA
"2008-05_Abrolhos.ROA_stereoBRUVs","8WFS4c",-28.4225,113.7429,20080503,"14:15:00","Wallabi","Fished","Fish.Point",10,"DM","Yes","Yes",NA
"2008-05_Abrolhos.ROA_stereoBRUVs","8WFS5a",-28.4863,113.7722,20080505,"10:20:00","Wallabi","Fished","Long.Is.",10,"DM","Yes","Yes",NA
"2008-05_Abrolhos.ROA_stereoBRUVs","8WFS5b",-28.4747,113.7658,20080503,"16:03:00","Wallabi","Fished","Wann.Is.",10,"DM","Yes","Yes",NA
"2008-05_Abrolhos.ROA_stereoBRUVs","8WFS5c",-28.4058,113.7177,20080503,"14:19:00","Wallabi","Fished","Fish.Point",10,"DM","Yes","Yes",NA
"2008-05_Abrolhos.ROA_stereoBRUVs","8WRD1",-28.481,113.7823,20080505,"08:08:00","Wallabi","No-take","Beacon.Is.",24,"DM","Yes","Yes",NA
"2008-05_Abrolhos.ROA_stereoBRUVs","8WRD2",-28.4789,113.7828,20080505,"08:12:00","Wallabi","No-take","Beacon.Is.",24,"DM","Yes","Yes",NA
"2008-05_Abrolhos.ROA_stereoBRUVs","8WRD3",-28.4767,113.783,20080505,"08:16:00","Wallabi","No-take","Beacon.Is.",24,"DM","Yes","Yes",NA
"2008-05_Abrolhos.ROA_stereoBRUVs","8WRD4",-28.4623,113.775,20080505,"08:23:00","Wallabi","No-take","Dive.Trail",24,"DM","Yes","Yes",NA
"2008-05_Abrolhos.ROA_stereoBRUVs","8WRD5",-28.4576,113.7757,20080505,"08:30:00","Wallabi","No-take","Dive.Trail",24,"DM","Yes","Yes",NA
"2008-05_Abrolhos.ROA_stereoBRUVs","8WRS1",-28.4827,113.7833,20080505,"08:04:00","Wallabi","No-take","Beacon.Is.",10,"DM","Yes","Yes",NA
"2008-05_Abrolhos.ROA_stereoBRUVs","8WRS2",-28.4604,113.7745,20080505,"08:26:00","Wallabi","No-take","Dive.Trail",10,"DM","Yes","Yes",NA
"2008-05_Abrolhos.ROA_stereoBRUVs","8WRS3",-28.4628,113.7713,20080505,"08:34:00","Wallabi","No-take","Dive.Trail",10,"DM","Yes","Yes",NA
"2008-05_Abrolhos.ROA_stereoBRUVs","8WRS4",-28.4575,113.7734,20080505,"08:36:00","Wallabi","No-take","Dive.Trail",10,"DM","Yes","Yes",NA
"2008-05_Abrolhos.ROA_stereoBRUVs","8WRS5",-28.4558,113.7753,20080505,"08:40:00","Wallabi","No-take","Dive.Trail",10,"DM","Yes","Yes",NA
"2009-05_Abrolhos.ROA_stereoBRUVs","9EFD1a",-28.68833333,113.8358333,20090515,"12:08:00","Easter","Fished","Suomi.Is.",24,"DM","Yes","Yes",NA
"2009-05_Abrolhos.ROA_stereoBRUVs","9EFD1b",-28.73880667,113.80437,20090515,"08:16:00","Easter","Fished","Woody.Is.",24,"DM","Yes","Yes",NA
"2009-05_Abrolhos.ROA_stereoBRUVs","9EFD1c",-28.69733333,113.7825,20090515,"10:15:00","Easter","Fished","Rat.Is.",24,"DM","Yes","Yes",NA
"2009-05_Abrolhos.ROA_stereoBRUVs","9EFD2a",-28.69211167,113.8370917,20090515,"12:12:00","Easter","Fished","Suomi.Is.",24,"DM","Yes","Yes",NA
"2009-05_Abrolhos.ROA_stereoBRUVs","9EFD2b",-28.741,113.8043333,20090515,"08:19:00","Easter","Fished","Woody.Is.",24,"DM","Yes","Yes",NA
"2009-05_Abrolhos.ROA_stereoBRUVs","9EFD2c",-28.70066667,113.7841667,20090515,"10:17:00","Easter","Fished","Rat.Is.",24,"DM","Yes","Yes",NA
"2009-05_Abrolhos.ROA_stereoBRUVs","9EFD3a",-28.69483333,113.8393333,20090515,"13:45:00","Easter","Fished","Suomi.Is.",24,"DM","Yes","Yes",NA
"2009-05_Abrolhos.ROA_stereoBRUVs","9EFD3b",-28.74355,113.8034133,20090515,"08:22:00","Easter","Fished","Woody.Is.",24,"DM","Yes","Yes",NA
"2009-05_Abrolhos.ROA_stereoBRUVs","9EFD3c",-28.7015,113.7866667,20090515,"10:20:00","Easter","Fished","Rat.Is.",24,"DM","Yes","Yes",NA
"2009-05_Abrolhos.ROA_stereoBRUVs","9EFD4a",-28.69766667,113.839,20090515,"12:17:00","Easter","Fished","Suomi.Is.",24,"DM","Yes","Yes",NA
"2009-05_Abrolhos.ROA_stereoBRUVs","9EFD4b",-28.745465,113.798215,20090515,"08:28:00","Easter","Fished","Woody.Is.",24,"DM","Yes","Yes",NA
"2009-05_Abrolhos.ROA_stereoBRUVs","9EFD4c",-28.703455,113.7920083,20090515,"10:25:00","Easter","Fished","Rat.Is.",24,"DM","Yes","Yes",NA
"2009-05_Abrolhos.ROA_stereoBRUVs","9EFD5a",-28.69983333,113.8415,20090515,"13:40:00","Easter","Fished","Suomi.Is.",24,"DM","Yes","Yes",NA
"2009-05_Abrolhos.ROA_stereoBRUVs","9EFD5b",-28.74383333,113.7936667,20090515,"08:31:00","Easter","Fished","Woody.Is.",24,"DM","Yes","Yes",NA
"2009-05_Abrolhos.ROA_stereoBRUVs","9EFD5c",-28.70966667,113.793,20090515,"10:27:00","Easter","Fished","Rat.Is.",24,"DM","Yes","Yes",NA
"2009-05_Abrolhos.ROA_stereoBRUVs","9EFS1a",-28.70316667,113.8423333,20090515,"12:23:00","Easter","Fished","Suomi.Is.",10,"DM","Yes","Yes",NA
"2009-05_Abrolhos.ROA_stereoBRUVs","9EFS1b",-28.75371333,113.7910233,20090515,"08:35:00","Easter","Fished","Woody.Is.",10,"DM","Yes","Yes",NA
"2009-05_Abrolhos.ROA_stereoBRUVs","9EFS1c",-28.706,113.7878333,20090515,"10:02:00","Easter","Fished","Rat.Is.",10,"DM","Yes","Yes",NA
"2009-05_Abrolhos.ROA_stereoBRUVs","9EFS2a",-28.7075,113.8426667,20090515,"12:26:00","Easter","Fished","Suomi.Is.",10,"DM","Yes","Yes",NA
"2009-05_Abrolhos.ROA_stereoBRUVs","9EFS2b",-28.75216667,113.7938333,20090515,"08:37:00","Easter","Fished","Woody.Is.",10,"DM","Yes","Yes",NA
"2009-05_Abrolhos.ROA_stereoBRUVs","9EFS2c",-28.704,113.7831667,20090515,"10:04:00","Easter","Fished","Rat.Is.",10,"DM","Yes","Yes",NA
"2009-05_Abrolhos.ROA_stereoBRUVs","9EFS3a",-28.71033333,113.842,20090515,"12:29:00","Easter","Fished","Suomi.Is.",10,"DM","Yes","Yes",NA
"2009-05_Abrolhos.ROA_stereoBRUVs","9EFS3b",-28.75168,113.798855,20090515,"08:42:00","Easter","Fished","Woody.Is.",10,"DM","Yes","Yes",NA
"2009-05_Abrolhos.ROA_stereoBRUVs","9EFS3c",-28.704,113.7788333,20090515,"10:06:00","Easter","Fished","Rat.Is.",10,"DM","Yes","Yes",NA
"2009-05_Abrolhos.ROA_stereoBRUVs","9EFS4a",-28.714,113.8413333,20090515,"12:31:00","Easter","Fished","Suomi.Is.",10,"DM","Yes","Yes",NA
"2009-05_Abrolhos.ROA_stereoBRUVs","9EFS4b",-28.74983333,113.8013333,20090515,"08:45:00","Easter","Fished","Woody.Is.",10,"DM","Yes","Yes",NA
"2009-05_Abrolhos.ROA_stereoBRUVs","9EFS4c",-28.7007,113.7788267,20090515,"10:09:00","Easter","Fished","Rat.Is.",10,"DM","Yes","Yes",NA
"2009-05_Abrolhos.ROA_stereoBRUVs","9EFS5a",-28.71770333,113.8400167,20090515,"12:37:00","Easter","Fished","Suomi.Is.",10,"DM","Yes","Yes",NA
"2009-05_Abrolhos.ROA_stereoBRUVs","9EFS5b",-28.74816667,113.8051667,20090515,"08:47:00","Easter","Fished","Woody.Is.",10,"DM","Yes","Yes",NA
"2009-05_Abrolhos.ROA_stereoBRUVs","9EFS5c",-28.69866667,113.7805,20090515,"10:12:00","Easter","Fished","Rat.Is.",10,"DM","Yes","Yes",NA
"2009-05_Abrolhos.ROA_stereoBRUVs","9ERD1",-28.67866667,113.8533333,20090515,"14:30:00","Easter","No-take","Leo.s.Is.",24,"DM","Yes","Yes",NA
"2009-05_Abrolhos.ROA_stereoBRUVs","9ERD2",-28.68042667,113.85549,20090515,"14:32:00","Easter","No-take","Leo.s.Is.",24,"DM","Yes","Yes",NA
"2009-05_Abrolhos.ROA_stereoBRUVs","9ERD3",-28.68179333,113.8562217,20090515,"14:35:00","Easter","No-take","Leo.s.Is.",24,"DM","Yes","Yes",NA
"2009-05_Abrolhos.ROA_stereoBRUVs","9ERD4",-28.68659833,113.8564583,20090515,"15:00:00","Easter","No-take","Leo.s.Is.",24,"DM","Yes","Yes",NA
"2009-05_Abrolhos.ROA_stereoBRUVs","9ERD5",-28.690225,113.8557133,20090515,"15:05:00","Easter","No-take","Leo.s.Is.",24,"DM","Yes","Yes",NA
"2009-05_Abrolhos.ROA_stereoBRUVs","9ERS1",-28.67366667,113.8436667,20090515,"14:13:00","Easter","No-take","Leo.s.Is.",10,"DM","Yes","Yes",NA
"2009-05_Abrolhos.ROA_stereoBRUVs","9ERS2",-28.67236,113.8430983,20090515,"14:15:00","Easter","No-take","Leo.s.Is.",10,"DM","Yes","Yes",NA
"2009-05_Abrolhos.ROA_stereoBRUVs","9ERS3",-28.6705,113.8441667,20090515,"14:17:00","Easter","No-take","Leo.s.Is.",10,"DM","Yes","Yes",NA
"2009-05_Abrolhos.ROA_stereoBRUVs","9ERS4",-28.67466667,113.8468333,20090515,"14:22:00","Easter","No-take","Leo.s.Is.",10,"DM","Yes","Yes",NA
"2009-05_Abrolhos.ROA_stereoBRUVs","9ERS5",-28.67666667,113.8506667,20090515,"14:27:00","Easter","No-take","Leo.s.Is.",10,"DM","Yes","Yes",NA
"2009-05_Abrolhos.ROA_stereoBRUVs","9NFS1a",-28.31833333,113.61,20090516,"09:05:00","North","Fished","SoutheastNorthIs",10,"DM","Yes","Yes",NA
"2009-05_Abrolhos.ROA_stereoBRUVs","9NFS1b",-28.29666667,113.61,20090516,"10:25:00","North","Fished","EastNorthIs",10,"DM","Yes","Yes",NA
"2009-05_Abrolhos.ROA_stereoBRUVs","9NFS1c",-28.28483333,113.599,20090516,"10:39:00","North","Fished","NorthEastNorthIs",10,"DM","Yes","Yes",NA
"2009-05_Abrolhos.ROA_stereoBRUVs","9NFS2a",-28.31616667,113.6106667,20090516,"09:07:00","North","Fished","SoutheastNorthIs",10,"DM","Yes","Yes",NA
"2009-05_Abrolhos.ROA_stereoBRUVs","9NFS2b",-28.29466667,113.609,20090516,"10:27:00","North","Fished","EastNorthIs",10,"DM","Yes","Yes",NA
"2009-05_Abrolhos.ROA_stereoBRUVs","9NFS2c",-28.28183833,113.5975183,20090516,"10:42:00","North","Fished","NorthEastNorthIs",10,"DM","Yes","Yes",NA
"2009-05_Abrolhos.ROA_stereoBRUVs","9NFS3a",-28.30833333,113.6101667,20090516,"09:12:00","North","Fished","SoutheastNorthIs",10,"DM","Yes","Yes",NA
"2009-05_Abrolhos.ROA_stereoBRUVs","9NFS3b",-28.29208167,113.608165,20090516,"10:30:00","North","Fished","EastNorthIs",10,"DM","Yes","Yes",NA
"2009-05_Abrolhos.ROA_stereoBRUVs","9NFS3c",-28.27896,113.5968867,20090516,"10:45:00","North","Fished","NorthEastNorthIs",10,"DM","Yes","Yes",NA
"2009-05_Abrolhos.ROA_stereoBRUVs","9NFS4a",-28.3055,113.6103333,20090516,"09:15:00","North","Fished","SoutheastNorthIs",10,"DM","Yes","Yes",NA
"2009-05_Abrolhos.ROA_stereoBRUVs","9NFS4b",-28.29016667,113.6048333,20090516,"10:34:00","North","Fished","EastNorthIs",10,"DM","Yes","Yes",NA
"2009-05_Abrolhos.ROA_stereoBRUVs","9NFS4c",-28.2765,113.5966667,20090516,"10:48:00","North","Fished","NorthEastNorthIs",10,"DM","Yes","Yes",NA
"2009-05_Abrolhos.ROA_stereoBRUVs","9NFS5a",-28.30166667,113.6095,20090516,"09:18:00","North","Fished","SoutheastNorthIs",10,"DM","Yes","Yes",NA
"2009-05_Abrolhos.ROA_stereoBRUVs","9NFS5b",-28.28648167,113.6015833,20090516,"10:36:00","North","Fished","EastNorthIs",10,"DM","Yes","Yes",NA
"2009-05_Abrolhos.ROA_stereoBRUVs","9NFS5c",-28.273235,113.5961967,20090516,"10:52:00","North","Fished","NorthEastNorthIs",10,"DM","Yes","Yes",NA
"2009-05_Abrolhos.ROA_stereoBRUVs","9NRS1",-28.33788667,113.5947433,20090516,"08:47:00","North","No-take","NorthIsMPA",10,"DM","Yes","Yes",NA
"2009-05_Abrolhos.ROA_stereoBRUVs","9NRS2",-28.33583333,113.5978333,20090516,"08:51:00","North","No-take","NorthIsMPA",10,"DM","Yes","Yes",NA
"2009-05_Abrolhos.ROA_stereoBRUVs","9NRS3",-28.33492,113.60087,20090516,"08:55:00","North","No-take","NorthIsMPA",10,"DM","Yes","Yes",NA
"2009-05_Abrolhos.ROA_stereoBRUVs","9NRS4",-28.33316667,113.6021667,20090516,"08:57:00","North","No-take","NorthIsMPA",10,"DM","Yes","Yes",NA
"2009-05_Abrolhos.ROA_stereoBRUVs","9NRS5",-28.33097333,113.6051383,20090516,"09:00:00","North","No-take","NorthIsMPA",10,"DM","Yes","Yes",NA
"2009-05_Abrolhos.ROA_stereoBRUVs","9PFD1a",-28.86016667,114.0053333,20090514,"12:23:00","Pelsaert","Fished","Newman.Is.",24,"DM","Yes","Yes",NA
"2009-05_Abrolhos.ROA_stereoBRUVs","9PFD1b",-28.89116667,114.006165,20090514,"14:12:00","Pelsaert","Fished","Whale.Bay",24,"DM","Yes","Yes",NA
"2009-05_Abrolhos.ROA_stereoBRUVs","9PFD1c",-28.88816667,113.9258333,20090514,"08:50:00","Pelsaert","Fished","Stick.Is.",24,"DM","Yes","Yes",NA
"2009-05_Abrolhos.ROA_stereoBRUVs","9PFD2a",-28.8605,113.9871667,20090514,"12:26:00","Pelsaert","Fished","Newman.Is.",24,"DM","Yes","Yes",NA
"2009-05_Abrolhos.ROA_stereoBRUVs","9PFD2b",-28.89266667,114.0106667,20090514,"14:15:00","Pelsaert","Fished","Whale.Bay",24,"DM","Yes","Yes",NA
"2009-05_Abrolhos.ROA_stereoBRUVs","9PFD2c",-28.890255,113.9270617,20090514,"08:53:00","Pelsaert","Fished","Stick.Is.",24,"DM","Yes","Yes",NA
"2009-05_Abrolhos.ROA_stereoBRUVs","9PFD3a",-28.8595,113.9906667,20090514,"12:30:00","Pelsaert","Fished","Newman.Is.",24,"DM","Yes","Yes",NA
"2009-05_Abrolhos.ROA_stereoBRUVs","9PFD3b",-28.89219833,114.0126367,20090514,"14:17:00","Pelsaert","Fished","Whale.Bay",24,"DM","Yes","Yes",NA
"2009-05_Abrolhos.ROA_stereoBRUVs","9PFD3c",-28.89383333,113.9256667,20090514,"08:56:00","Pelsaert","Fished","Stick.Is.",24,"DM","Yes","Yes",NA
"2009-05_Abrolhos.ROA_stereoBRUVs","9PFD4a",-28.85966667,113.994,20090514,"12:35:00","Pelsaert","Fished","Newman.Is.",24,"DM","Yes","Yes",NA
"2009-05_Abrolhos.ROA_stereoBRUVs","9PFD4b",-28.89362833,114.013515,20090514,"14:20:00","Pelsaert","Fished","Whale.Bay",24,"DM","Yes","Yes",NA
"2009-05_Abrolhos.ROA_stereoBRUVs","9PFD4c",-28.8955,113.9256667,20090514,"09:02:00","Pelsaert","Fished","Stick.Is.",24,"DM","Yes","Yes",NA
"2009-05_Abrolhos.ROA_stereoBRUVs","9PFD5a",-28.85834333,113.99814,20090514,"12:35:00","Pelsaert","Fished","Newman.Is.",24,"DM","Yes","Yes",NA
"2009-05_Abrolhos.ROA_stereoBRUVs","9PFD5b",-28.8975,114.0163333,20090514,"14:23:00","Pelsaert","Fished","Whale.Bay",24,"DM","Yes","Yes",NA
"2009-05_Abrolhos.ROA_stereoBRUVs","9PFD5c",-28.89874833,113.9260183,20090514,"09:06:00","Pelsaert","Fished","Stick.Is.",24,"DM","Yes","Yes",NA
"2009-05_Abrolhos.ROA_stereoBRUVs","9PFS1a",-28.86158167,114.000135,20090514,"12:41:00","Pelsaert","Fished","Newman.Is.",10,"DM","Yes","Yes",NA
"2009-05_Abrolhos.ROA_stereoBRUVs","9PFS1b",-28.88336333,114.00623,20090514,"14:00:00","Pelsaert","Fished","Whale.Bay",10,"DM","Yes","Yes",NA
"2009-05_Abrolhos.ROA_stereoBRUVs","9PFS1c",-28.88617833,113.9234433,20090514,"08:44:00","Pelsaert","Fished","Stick.Is.",10,"DM","Yes","Yes",NA
"2009-05_Abrolhos.ROA_stereoBRUVs","9PFS2a",-28.86366667,114.0031667,20090514,"12:44:00","Pelsaert","Fished","Newman.Is.",10,"DM","Yes","Yes",NA
"2009-05_Abrolhos.ROA_stereoBRUVs","9PFS2b",-28.885,114.00623,20090514,"14:02:00","Pelsaert","Fished","Whale.Bay",10,"DM","Yes","Yes",NA
"2009-05_Abrolhos.ROA_stereoBRUVs","9PFS2c",-28.88882,113.9234783,20090514,"08:46:00","Pelsaert","Fished","Stick.Is.",10,"DM","Yes","Yes",NA
"2009-05_Abrolhos.ROA_stereoBRUVs","9PFS3a",-28.86544333,114.0031667,20090514,"12:46:00","Pelsaert","Fished","Newman.Is.",10,"DM","Yes","Yes",NA
"2009-05_Abrolhos.ROA_stereoBRUVs","9PFS3b",-28.88741,114.0056667,20090514,"14:04:00","Pelsaert","Fished","Whale.Bay",10,"DM","Yes","Yes",NA
"2009-05_Abrolhos.ROA_stereoBRUVs","9PFS3c",-28.90111,113.9260183,20090514,"09:08:00","Pelsaert","Fished","Stick.Is.",10,"DM","Yes","Yes",NA
"2009-05_Abrolhos.ROA_stereoBRUVs","9PFS4a",-28.868,114.003125,20090514,"12:48:00","Pelsaert","Fished","Newman.Is.",10,"DM","Yes","Yes",NA
"2009-05_Abrolhos.ROA_stereoBRUVs","9PFS4b",-28.88933333,114.004285,20090514,"14:07:00","Pelsaert","Fished","Whale.Bay",10,"DM","Yes","Yes",NA
"2009-05_Abrolhos.ROA_stereoBRUVs","9PFS4c",-28.90380167,113.9243867,20090514,"09:11:00","Pelsaert","Fished","Stick.Is.",10,"DM","Yes","Yes",NA
"2009-05_Abrolhos.ROA_stereoBRUVs","9PFS5a",-28.87016667,114.0038333,20090514,"12:50:00","Pelsaert","Fished","Newman.Is.",10,"DM","Yes","Yes",NA
"2009-05_Abrolhos.ROA_stereoBRUVs","9PFS5b",-28.89121667,114.0048333,20090514,"14:10:00","Pelsaert","Fished","Whale.Bay",10,"DM","Yes","Yes",NA
"2009-05_Abrolhos.ROA_stereoBRUVs","9PFS5c",-28.90743333,113.92406,20090514,"09:15:00","Pelsaert","Fished","Stick.Is.",10,"DM","Yes","Yes",NA
"2009-05_Abrolhos.ROA_stereoBRUVs","9PRD1",-28.85922833,114.0135367,20090514,"10:49:00","Pelsaert","No-take","Coral.Patches",24,"DM","Yes","Yes",NA
"2009-05_Abrolhos.ROA_stereoBRUVs","9PRD2",-28.85982667,114.0119567,20090514,"10:53:00","Pelsaert","No-take","Coral.Patches",24,"DM","Yes","Yes",NA
"2009-05_Abrolhos.ROA_stereoBRUVs","9PRD3",-28.85887167,114.0092167,20090514,"10:58:00","Pelsaert","No-take","Coral.Patches",24,"DM","Yes","Yes",NA
"2009-05_Abrolhos.ROA_stereoBRUVs","9PRD4",-28.85766667,114.0045,20090514,"11:02:00","Pelsaert","No-take","Coral.Patches",24,"DM","Yes","Yes",NA
"2009-05_Abrolhos.ROA_stereoBRUVs","9PRD5",-28.85566667,114.0025,20090514,"11:05:00","Pelsaert","No-take","Coral.Patches",24,"DM","Yes","Yes",NA
"2009-05_Abrolhos.ROA_stereoBRUVs","9PRS1",-28.85010333,114.0125167,20090514,"10:37:00","Pelsaert","No-take","Coral.Patches",10,"DM","Yes","Yes",NA
"2009-05_Abrolhos.ROA_stereoBRUVs","9PRS2",-28.85220667,114.0108183,20090514,"10:39:00","Pelsaert","No-take","Coral.Patches",10,"DM","Yes","Yes",NA
"2009-05_Abrolhos.ROA_stereoBRUVs","9PRS3",-28.8545,114.0118333,20090514,"10:41:00","Pelsaert","No-take","Coral.Patches",10,"DM","Yes","Yes",NA
"2009-05_Abrolhos.ROA_stereoBRUVs","9PRS4",-28.85431,114.0145733,20090514,"10:44:00","Pelsaert","No-take","Coral.Patches",10,"DM","Yes","Yes",NA
"2009-05_Abrolhos.ROA_stereoBRUVs","9PRS5",-28.85683333,114.0156667,20090514,"10:46:00","Pelsaert","No-take","Coral.Patches",10,"DM","Yes","Yes",NA
"2009-05_Abrolhos.ROA_stereoBRUVs","9WFD1a",-28.484,113.7733333,20090513,"11:35:00","Wallabi","Fished","Long.Is.",24,"DM","Yes","Yes",NA
"2009-05_Abrolhos.ROA_stereoBRUVs","9WFD1b",-28.47836833,113.7625233,20090513,"14:20:00","Wallabi","Fished","Wann.Is.",24,"DM","Yes","Yes",NA
"2009-05_Abrolhos.ROA_stereoBRUVs","9WFD1c",-28.403,113.7211667,20090513,"12:42:00","Wallabi","Fished","Fish.Point",24,"DM","Yes","Yes",NA
"2009-05_Abrolhos.ROA_stereoBRUVs","9WFD2a",-28.486795,113.7721817,20090513,"11:39:00","Wallabi","Fished","Long.Is.",24,"DM","Yes","Yes",NA
"2009-05_Abrolhos.ROA_stereoBRUVs","9WFD2b",-28.47216667,113.7646667,20090513,"14:31:00","Wallabi","Fished","Wann.Is.",24,"DM","Yes","Yes",NA
"2009-05_Abrolhos.ROA_stereoBRUVs","9WFD2c",-28.40359833,113.723215,20090513,"12:45:00","Wallabi","Fished","Fish.Point",24,"DM","Yes","Yes",NA
"2009-05_Abrolhos.ROA_stereoBRUVs","9WFD3a",-28.48954833,113.7721333,20090513,"11:44:00","Wallabi","Fished","Long.Is.",24,"DM","Yes","Yes",NA
"2009-05_Abrolhos.ROA_stereoBRUVs","9WFD3b",-28.47083333,113.7673333,20090513,"14:35:00","Wallabi","Fished","Wann.Is.",24,"DM","Yes","Yes",NA
"2009-05_Abrolhos.ROA_stereoBRUVs","9WFD3c",-28.40444,113.7253067,20090513,"12:47:00","Wallabi","Fished","Fish.Point",24,"DM","Yes","Yes",NA
"2009-05_Abrolhos.ROA_stereoBRUVs","9WFD4a",-28.50066667,113.7691667,20090513,"12:00:00","Wallabi","Fished","Long.Is.",24,"DM","Yes","Yes",NA
"2009-05_Abrolhos.ROA_stereoBRUVs","9WFD4b",-28.46814667,113.76548,20090513,"14:41:00","Wallabi","Fished","Wann.Is.",24,"DM","Yes","Yes",NA
"2009-05_Abrolhos.ROA_stereoBRUVs","9WFD4c",-28.40766667,113.7305,20090513,"12:53:00","Wallabi","Fished","Fish.Point",24,"DM","Yes","Yes",NA
"2009-05_Abrolhos.ROA_stereoBRUVs","9WFD5a",-28.50366667,113.7678333,20090513,"11:48:00","Wallabi","Fished","Long.Is.",24,"DM","Yes","Yes",NA
"2009-05_Abrolhos.ROA_stereoBRUVs","9WFD5b",-28.46522,113.76742,20090513,"15:10:00","Wallabi","Fished","Wann.Is.",24,"DM","Yes","Yes",NA
"2009-05_Abrolhos.ROA_stereoBRUVs","9WFD5c",-28.413,113.7378333,20090513,"13:00:00","Wallabi","Fished","Fish.Point",24,"DM","Yes","Yes",NA
"2009-05_Abrolhos.ROA_stereoBRUVs","9WFS1a",-28.479,113.7756667,20090513,"11:29:00","Wallabi","Fished","Long.Is.",10,"DM","Yes","Yes",NA
"2009-05_Abrolhos.ROA_stereoBRUVs","9WFS1b",-28.49416667,113.7641667,20090513,"14:24:00","Wallabi","Fished","Wann.Is.",10,"DM","Yes","Yes",NA
"2009-05_Abrolhos.ROA_stereoBRUVs","9WFS1c",-28.41854,113.7372267,20090513,"13:04:00","Wallabi","Fished","Fish.Point",10,"DM","Yes","Yes",NA
"2009-05_Abrolhos.ROA_stereoBRUVs","9WFS2a",-28.481,113.7748333,20090513,"13:35:00","Wallabi","Fished","Long.Is.",10,"DM","Yes","Yes",NA
"2009-05_Abrolhos.ROA_stereoBRUVs","9WFS2b",-28.47533333,113.7626667,20090513,"14:26:00","Wallabi","Fished","Wann.Is.",10,"DM","Yes","Yes",NA
"2009-05_Abrolhos.ROA_stereoBRUVs","9WFS2c",-28.421,113.7371667,20090513,"13:07:00","Wallabi","Fished","Fish.Point",10,"DM","Yes","Yes",NA
"2009-05_Abrolhos.ROA_stereoBRUVs","9WFS3a",-28.49233333,113.7713333,20090513,"12:35:00","Wallabi","Fished","Long.Is.",10,"DM","Yes","Yes",NA
"2009-05_Abrolhos.ROA_stereoBRUVs","9WFS3b",-28.47464833,113.7658083,20090513,"14:29:00","Wallabi","Fished","Wann.Is.",10,"DM","Yes","Yes",NA
"2009-05_Abrolhos.ROA_stereoBRUVs","9WFS3c",-28.42183333,113.7408333,20090513,"13:11:00","Wallabi","Fished","Fish.Point",10,"DM","Yes","Yes",NA
"2009-05_Abrolhos.ROA_stereoBRUVs","9WFS4a",-28.661145,113.77089,20090513,"12:37:00","Wallabi","Fished","Long.Is.",10,"DM","Yes","Yes",NA
"2009-05_Abrolhos.ROA_stereoBRUVs","9WFS4b",-28.46898833,113.768515,20090513,"14:39:00","Wallabi","Fished","Wann.Is.",10,"DM","Yes","Yes",NA
"2009-05_Abrolhos.ROA_stereoBRUVs","9WFS4c",-28.42442167,113.74433,20090513,"13:15:00","Wallabi","Fished","Fish.Point",10,"DM","Yes","Yes",NA
"2009-05_Abrolhos.ROA_stereoBRUVs","9WFS5a",-28.4975,113.77,20090513,"12:40:00","Wallabi","Fished","Long.Is.",10,"DM","Yes","Yes",NA
"2009-05_Abrolhos.ROA_stereoBRUVs","9WFS5b",-28.46678,113.7613567,20090513,"15:14:00","Wallabi","Fished","Wann.Is.",10,"DM","Yes","Yes",NA
"2009-05_Abrolhos.ROA_stereoBRUVs","9WFS5c",-28.42346667,113.7347033,20090513,"13:19:00","Wallabi","Fished","Fish.Point",10,"DM","Yes","Yes",NA
"2009-05_Abrolhos.ROA_stereoBRUVs","9WRD1",-28.48766667,113.7816667,20090513,"10:04:00","Wallabi","No-take","Beacon.Is.",24,"DM","Yes","Yes",NA
"2009-05_Abrolhos.ROA_stereoBRUVs","9WRD2",-28.4835,113.7828333,20090513,"10:09:00","Wallabi","No-take","Beacon.Is.",24,"DM","Yes","Yes",NA
"2009-05_Abrolhos.ROA_stereoBRUVs","9WRD3",-28.481405,113.7835133,20090513,"10:13:00","Wallabi","No-take","Beacon.Is.",24,"DM","Yes","Yes",NA
"2009-05_Abrolhos.ROA_stereoBRUVs","9WRD4",-28.46183333,113.7748333,20090513,"10:44:00","Wallabi","No-take","Dive.Trail",24,"DM","Yes","Yes",NA
"2009-05_Abrolhos.ROA_stereoBRUVs","9WRD5",-28.45983333,113.775,20090513,"10:46:00","Wallabi","No-take","Dive.Trail",24,"DM","Yes","Yes",NA
"2009-05_Abrolhos.ROA_stereoBRUVs","9WRS1",-28.48009833,113.7849383,20090513,"10:19:00","Wallabi","No-take","Beacon.Is.",10,"DM","Yes","Yes",NA
"2009-05_Abrolhos.ROA_stereoBRUVs","9WRS2",-28.47565833,113.7843483,20090513,"10:24:00","Wallabi","No-take","Dive.Trail",10,"DM","Yes","Yes",NA
"2009-05_Abrolhos.ROA_stereoBRUVs","9WRS3",-28.45709667,113.775545,20090513,"10:50:00","Wallabi","No-take","Dive.Trail",10,"DM","Yes","Yes",NA
"2009-05_Abrolhos.ROA_stereoBRUVs","9WRS4",-28.45531833,113.7740983,20090513,"10:54:00","Wallabi","No-take","Dive.Trail",10,"DM","Yes","Yes",NA
"2009-05_Abrolhos.ROA_stereoBRUVs","9WRS5",-28.45683333,113.772,20090513,"10:56:00","Wallabi","No-take","Dive.Trail",10,"DM","Yes","Yes",NA
"2010-05_Abrolhos.ROA_stereoBRUVs","10EFD1a",-28.69992667,113.8415517,20100601,"09:04:00","Easter","Fished","Suomi.Is.",24,"Derek","Yes","Yes",NA
"2010-05_Abrolhos.ROA_stereoBRUVs","10EFD1b",-28.73880167,113.8046833,20100601,"13:42:00","Easter","Fished","Woody.Is.",24,"Ant","Yes","Yes",NA
"2010-05_Abrolhos.ROA_stereoBRUVs","10EFD1c",-28.70950833,113.7928417,20100601,"11:01:00","Easter","Fished","Rat.Is.",24,"Ant","Yes","Yes",NA
"2010-05_Abrolhos.ROA_stereoBRUVs","10EFD2a",-28.69759833,113.8388033,20100601,"09:10:00","Easter","Fished","Suomi.Is.",24,"Derek","Yes","Yes",NA
"2010-05_Abrolhos.ROA_stereoBRUVs","10EFD2b",-28.74083167,113.80422,20100601,"13:46:00","Easter","Fished","Woody.Is.",24,"Derek","Yes","Yes",NA
"2010-05_Abrolhos.ROA_stereoBRUVs","10EFD2c",-28.70375667,113.791685,20100601,"11:06:00","Easter","Fished","Rat.Is.",24,"Derek","Yes","Yes",NA
"2010-05_Abrolhos.ROA_stereoBRUVs","10EFD3a",-28.69493667,113.8393933,20100601,"09:16:00","Easter","Fished","Suomi.Is.",24,"Derek","Yes","Yes",NA
"2010-05_Abrolhos.ROA_stereoBRUVs","10EFD3b",-28.74361,113.80353,20100601,"13:50:00","Easter","Fished","Woody.Is.",24,"Ant","Yes","Yes",NA
"2010-05_Abrolhos.ROA_stereoBRUVs","10EFD3c",-28.71425,113.7862717,20100601,"11:11:00","Easter","Fished","Rat.Is.",24,"Derek","Yes","Yes",NA
"2010-05_Abrolhos.ROA_stereoBRUVs","10EFD4a",-28.69222833,113.8372667,20100601,"09:20:00","Easter","Fished","Suomi.Is.",24,"Sam","Yes","Yes",NA
"2010-05_Abrolhos.ROA_stereoBRUVs","10EFD4b",-28.74554167,113.7983117,20100601,"13:55:00","Easter","Fished","Woody.Is.",24,"Sam","Yes","Yes",NA
"2010-05_Abrolhos.ROA_stereoBRUVs","10EFD4c",-28.70786667,113.7976167,20100601,"11:15:00","Easter","Fished","Rat.Is.",24,"Derek","Yes","Yes",NA
"2010-05_Abrolhos.ROA_stereoBRUVs","10EFD5a",-28.68839167,113.8361483,20100601,"09:25:00","Easter","Fished","Suomi.Is.",24,"Ant","Yes","Yes",NA
"2010-05_Abrolhos.ROA_stereoBRUVs","10EFD5b",-28.74374333,113.793895,20100601,"14:01:00","Easter","Fished","Woody.Is.",24,"Sam","Yes","Yes",NA
"2010-05_Abrolhos.ROA_stereoBRUVs","10EFD5c",-28.697305,113.7826017,20100601,"11:18:00","Easter","Fished","Rat.Is.",24,"Derek","Yes","Yes",NA
"2010-05_Abrolhos.ROA_stereoBRUVs","10EFS1a",-28.72395,113.83985,20100601,"08:45:00","Easter","Fished","Suomi.Is.",10,"Sam","Yes","Yes",NA
"2010-05_Abrolhos.ROA_stereoBRUVs","10EFS1b",-28.75373333,113.790595,20100601,"13:24:00","Easter","Fished","Woody.Is.",10,"Sam","Yes","Yes",NA
"2010-05_Abrolhos.ROA_stereoBRUVs","10EFS1c",-28.69879,113.780485,20100601,"11:22:00","Easter","Fished","Rat.Is.",10,"Sam","Yes","Yes",NA
"2010-05_Abrolhos.ROA_stereoBRUVs","10EFS2a",-28.71397,113.84109,20100601,"08:49:00","Easter","Fished","Suomi.Is.",10,"Sam","Yes","Yes",NA
"2010-05_Abrolhos.ROA_stereoBRUVs","10EFS2b",-28.752165,113.7937167,20100601,"13:27:00","Easter","Fished","Woody.Is.",10,"Sam","Yes","Yes",NA
"2010-05_Abrolhos.ROA_stereoBRUVs","10EFS2c",-28.707,113.778775,20100601,"11:26:00","Easter","Fished","Rat.Is.",10,"Sam","Yes","Yes",NA
"2010-05_Abrolhos.ROA_stereoBRUVs","10EFS3a",-28.71043833,113.8419517,20100601,"08:54:00","Easter","Fished","Suomi.Is.",10,"Derek","Yes","Yes",NA
"2010-05_Abrolhos.ROA_stereoBRUVs","10EFS3b",-28.76653333,113.7990233,20100601,"13:30:00","Easter","Fished","Woody.Is.",10,"Derek","Yes","Yes",NA
"2010-05_Abrolhos.ROA_stereoBRUVs","10EFS3c",-28.70421833,113.7785833,20100601,"11:34:00","Easter","Fished","Rat.Is.",10,"Sam","Yes","Yes",NA
"2010-05_Abrolhos.ROA_stereoBRUVs","10EFS4a",-28.707465,113.8427083,20100601,"08:57:00","Easter","Fished","Suomi.Is.",10,"Ant","Yes","Yes",NA
"2010-05_Abrolhos.ROA_stereoBRUVs","10EFS4b",-28.74973333,113.8017567,20100601,"13:34:00","Easter","Fished","Woody.Is.",10,"Di","Yes","Yes",NA
"2010-05_Abrolhos.ROA_stereoBRUVs","10EFS4c",-28.704045,113.7830317,20100601,"11:37:00","Easter","Fished","Rat.Is.",10,"Ant","Yes","Yes",NA
"2010-05_Abrolhos.ROA_stereoBRUVs","10EFS5a",-28.70314667,113.8421917,20100601,"09:00:00","Easter","Fished","Suomi.Is.",10,"Ant","Yes","Yes",NA
"2010-05_Abrolhos.ROA_stereoBRUVs","10EFS5b",-28.74816333,113.8054433,20100601,"13:37:00","Easter","Fished","Woody.Is.",10,"Jordan","Yes","Yes",NA
"2010-05_Abrolhos.ROA_stereoBRUVs","10EFS5c",-28.70605667,113.7875933,20100601,"11:42:00","Easter","Fished","Rat.Is.",10,NA,"Yes","Yes",NA
"2010-05_Abrolhos.ROA_stereoBRUVs","10ERD1",-28.690415,113.8558383,20100602,"11:16:00","Easter","No-take","Leo.s.Is.",24,"Di","Yes","Yes",NA
"2010-05_Abrolhos.ROA_stereoBRUVs","10ERD2",-28.68654333,113.8566017,20100602,"11:21:00","Easter","No-take","Leo.s.Is.",24,"Ant","Yes","Yes",NA
"2010-05_Abrolhos.ROA_stereoBRUVs","10ERD3",-28.681915,113.8562633,20100602,"11:25:00","Easter","No-take","Leo.s.Is.",24,"Sam","Yes","Yes",NA
"2010-05_Abrolhos.ROA_stereoBRUVs","10ERD4",-28.68048,113.8556617,20100602,"11:30:00","Easter","No-take","Leo.s.Is.",24,"Sam","Yes","Yes",NA
"2010-05_Abrolhos.ROA_stereoBRUVs","10ERD5",-28.678615,113.8533917,20100602,"11:34:00","Easter","No-take","Leo.s.Is.",24,"Derek","Yes","Yes",NA
"2010-05_Abrolhos.ROA_stereoBRUVs","10ERS1",-28.67680333,113.8587833,20100602,"11:39:00","Easter","No-take","Leo.s.Is.",10,"Ant","Yes","Yes",NA
"2010-05_Abrolhos.ROA_stereoBRUVs","10ERS2",-28.67460167,113.846875,20100602,"11:44:00","Easter","No-take","Leo.s.Is.",10,"Derek","Yes","Yes",NA
"2010-05_Abrolhos.ROA_stereoBRUVs","10ERS3",-28.67065,113.8441033,20100602,"11:48:00","Easter","No-take","Leo.s.Is.",10,"Di","Yes","Yes",NA
"2010-05_Abrolhos.ROA_stereoBRUVs","10ERS4",-28.67244167,113.843185,20100602,"11:51:00","Easter","No-take","Leo.s.Is.",10,"Sam","Yes","Yes",NA
"2010-05_Abrolhos.ROA_stereoBRUVs","10ERS5",-28.67356333,113.8432617,20100602,"11:56:00","Easter","No-take","Leo.s.Is.",10,"Jordan","Yes","Yes",NA
"2010-05_Abrolhos.ROA_stereoBRUVs","10NFS1a",-28.333,113.6100283,20100528,"09:27:00","North","Fished","SoutheastNorthIs",10,"Ant","Yes","Yes",NA
"2010-05_Abrolhos.ROA_stereoBRUVs","10NFS1b",-28.29664833,113.6098817,20100528,"10:51:00","North","Fished","EastNorthIs",10,"Alex","Yes","Yes",NA
"2010-05_Abrolhos.ROA_stereoBRUVs","10NFS1c",-28.29925,113.5989683,20100528,"11:06:00","North","Fished","NorthEastNorthIs",10,"Sam","Yes","Yes",NA
"2010-05_Abrolhos.ROA_stereoBRUVs","10NFS2a",-28.31612667,113.610505,20100528,"09:30:00","North","Fished","SoutheastNorthIs",10,"Ant","Yes","Yes",NA
"2010-05_Abrolhos.ROA_stereoBRUVs","10NFS2b",-28.29457833,113.608875,20100528,"10:53:00","North","Fished","EastNorthIs",10,"Sam","Yes","Yes",NA
"2010-05_Abrolhos.ROA_stereoBRUVs","10NFS2c",-28.28179,113.5975717,20100528,"11:09:00","North","Fished","NorthEastNorthIs",10,"Ant","Yes","Yes",NA
"2010-05_Abrolhos.ROA_stereoBRUVs","10NFS3a",-28.30812333,113.6099933,20100528,"09:34:00","North","Fished","SoutheastNorthIs",10,"Ant","Yes","Yes",NA
"2010-05_Abrolhos.ROA_stereoBRUVs","10NFS3b",-28.29197167,113.60774,20100528,"10:56:00","North","Fished","EastNorthIs",10,"Ant","Yes","Yes",NA
"2010-05_Abrolhos.ROA_stereoBRUVs","10NFS3c",-28.279245,113.5969083,20100528,"11:12:00","North","Fished","NorthEastNorthIs",10,"Derek","Yes","Yes",NA
"2010-05_Abrolhos.ROA_stereoBRUVs","10NFS4a",-28.305355,113.610185,20100528,"09:36:00","North","Fished","SoutheastNorthIs",10,"Derek","Yes","Yes",NA
"2010-05_Abrolhos.ROA_stereoBRUVs","10NFS4b",-28.29027333,113.6040967,20100528,"10:58:00","North","Fished","EastNorthIs",10,NA,"Yes","Yes",NA
"2010-05_Abrolhos.ROA_stereoBRUVs","10NFS4c",-28.27642167,113.5966517,20100528,"11:15:00","North","Fished","NorthEastNorthIs",10,"Ant","Yes","Yes",NA
"2010-05_Abrolhos.ROA_stereoBRUVs","10NFS5a",-28.31501667,113.6093667,20100528,"09:39:00","North","Fished","SoutheastNorthIs",10,"Sam","Yes","Yes",NA
"2010-05_Abrolhos.ROA_stereoBRUVs","10NFS5b",-28.28659667,113.6072,20100528,"11:02:00","North","Fished","EastNorthIs",10,"Ant","Yes","Yes",NA
"2010-05_Abrolhos.ROA_stereoBRUVs","10NFS5c",-28.27338667,113.5961583,20100528,"11:18:00","North","Fished","NorthEastNorthIs",10,"Sam","Yes","Yes",NA
"2010-05_Abrolhos.ROA_stereoBRUVs","10NRS1",-28.33653167,113.599385,20100528,"09:09:00","North","No-take","NorthIsMPA",10,"Derek","Yes","Yes",NA
"2010-05_Abrolhos.ROA_stereoBRUVs","10NRS10",-28.328335,113.60639,20100528,"13:03:00","North","No-take","NorthIsMPA",11,"Di","Yes","Yes",NA
"2010-05_Abrolhos.ROA_stereoBRUVs","10NRS11",-28.329175,113.6027317,20100528,"13:05:00","North","No-take","NorthIsMPA",12,"Sam","Yes","Yes",NA
"2010-05_Abrolhos.ROA_stereoBRUVs","10NRS2",-28.3486,113.6098167,20100528,"09:12:00","North","No-take","NorthIsMPA",10,NA,"Yes","Yes",NA
"2010-05_Abrolhos.ROA_stereoBRUVs","10NRS3",-28.33321167,113.6022867,20100528,"09:15:00","North","No-take","NorthIsMPA",10,"Sam","Yes","Yes",NA
"2010-05_Abrolhos.ROA_stereoBRUVs","10NRS4",-28.33098,113.60518,20100528,"09:17:00","North","No-take","NorthIsMPA",10,"Ant","Yes","Yes",NA
"2010-05_Abrolhos.ROA_stereoBRUVs","10NRS5",-28.329055,113.6063583,20100528,"09:20:00","North","No-take","NorthIsMPA",10,"Derek","Yes","Yes",NA
"2010-05_Abrolhos.ROA_stereoBRUVs","10NRS6",-28.33673667,113.5993483,20100528,"12:50:00","North","No-take","NorthIsMPA",11,"Derek","Yes","Yes",NA
"2010-05_Abrolhos.ROA_stereoBRUVs","10NRS7",-28.33831667,113.6129,20100528,"12:53:00","North","No-take","NorthIsMPA",12,"Sam","Yes","Yes",NA
"2010-05_Abrolhos.ROA_stereoBRUVs","10NRS8",-28.33246833,113.6027333,20100528,"12:56:00","North","No-take","NorthIsMPA",13,"Ant","Yes","Yes",NA
"2010-05_Abrolhos.ROA_stereoBRUVs","10NRS9",-28.330865,113.605095,20100528,"12:59:00","North","No-take","NorthIsMPA",14,"Sam","Yes","Yes",NA
"2010-05_Abrolhos.ROA_stereoBRUVs","10PFD1a",-28.85844667,113.998285,20100101,"13:53:00","Pelsaert","Fished","Newman.Is.",24,"Derek","Yes","Yes",NA
"2010-05_Abrolhos.ROA_stereoBRUVs","10PFD1b",-28.89745667,114.0162367,20100101,"10:55:00","Pelsaert","Fished","Whale.Bay",24,NA,"Yes","Yes",NA
"2010-05_Abrolhos.ROA_stereoBRUVs","10PFD1c",-28.88808833,113.92571,20100530,"11:27:00","Pelsaert","Fished","Stick.Is.",24,"Sam","Yes","Yes",NA
"2010-05_Abrolhos.ROA_stereoBRUVs","10PFD2a",-28.85966833,113.99432,20100101,"13:58:00","Pelsaert","Fished","Newman.Is.",24,"Sam","Yes","Yes",NA
"2010-05_Abrolhos.ROA_stereoBRUVs","10PFD2b",-28.893715,114.01441,20100101,"08:52:00","Pelsaert","Fished","Whale.Bay",24,"Sam","Yes","Yes",NA
"2010-05_Abrolhos.ROA_stereoBRUVs","10PFD2c",-28.89041833,113.9273817,20100530,"11:31:00","Pelsaert","Fished","Stick.Is.",24,"Di","Yes","Yes",NA
"2010-05_Abrolhos.ROA_stereoBRUVs","10PFD3a",-28.85936667,113.99071,20100101,"14:02:00","Pelsaert","Fished","Newman.Is.",24,"Derek","Yes","Yes",NA
"2010-05_Abrolhos.ROA_stereoBRUVs","10PFD3b",-28.89222667,114.0128633,20100101,"08:55:00","Pelsaert","Fished","Whale.Bay",24,"Ant","Yes","Yes",NA
"2010-05_Abrolhos.ROA_stereoBRUVs","10PFD3c",-28.89361,113.9257567,20100530,"11:36:00","Pelsaert","Fished","Stick.Is.",24,"Ant","Yes","Yes",NA
"2010-05_Abrolhos.ROA_stereoBRUVs","10PFD4a",-28.860505,113.9881033,20100101,"14:05:00","Pelsaert","Fished","Newman.Is.",24,"Di","Yes","Yes",NA
"2010-05_Abrolhos.ROA_stereoBRUVs","10PFD4b",-28.89270833,114.010815,20100101,"12:23:00","Pelsaert","Fished","Whale.Bay",24,"Sam","Yes","Yes",NA
"2010-05_Abrolhos.ROA_stereoBRUVs","10PFD4c",-28.89562333,113.9256933,20100530,"11:39:00","Pelsaert","Fished","Stick.Is.",24,"Sam","Yes","Yes",NA
"2010-05_Abrolhos.ROA_stereoBRUVs","10PFD5a",-28.86047167,113.9867067,20100101,"14:09:00","Pelsaert","Fished","Newman.Is.",24,"Ant","Yes","Yes",NA
"2010-05_Abrolhos.ROA_stereoBRUVs","10PFD5b",-28.89124167,114.008595,20100101,"09:04:00","Pelsaert","Fished","Whale.Bay",24,"Sam","Yes","Yes",NA
"2010-05_Abrolhos.ROA_stereoBRUVs","10PFD5c",-28.89911667,113.92627,20100530,"11:42:00","Pelsaert","Fished","Stick.Is.",24,"Sam","Yes","Yes",NA
"2010-05_Abrolhos.ROA_stereoBRUVs","10PFS1a",-28.86982667,114.0051333,20100101,"13:15:00","Pelsaert","Fished","Newman.Is.",10,NA,"Yes","Yes",NA
"2010-05_Abrolhos.ROA_stereoBRUVs","10PFS1b",-28.89095333,114.0063617,20100101,"12:10:00","Pelsaert","Fished","Whale.Bay",10,NA,"Yes","Yes",NA
"2010-05_Abrolhos.ROA_stereoBRUVs","10PFS1c",-28.88599,113.9232267,20100530,"11:17:00","Pelsaert","Fished","Stick.Is.",10,"Sam","Yes","Yes",NA
"2010-05_Abrolhos.ROA_stereoBRUVs","10PFS2a",-28.88148333,114.0039867,20100101,"11:16:00","Pelsaert","Fished","Newman.Is.",10,"Ant","Yes","Yes",NA
"2010-05_Abrolhos.ROA_stereoBRUVs","10PFS2b",-28.88977,114.0049067,20100101,"09:11:00","Pelsaert","Fished","Whale.Bay",10,"Derek","Yes","Yes",NA
"2010-05_Abrolhos.ROA_stereoBRUVs","10PFS2c",-28.888965,113.92354,20100530,"11:21:00","Pelsaert","Fished","Stick.Is.",10,"Sam","Yes","Yes",NA
"2010-05_Abrolhos.ROA_stereoBRUVs","10PFS3a",-28.865785,114.0028567,20100101,"13:12:00","Pelsaert","Fished","Newman.Is.",10,"Ant","Yes","Yes",NA
"2010-05_Abrolhos.ROA_stereoBRUVs","10PFS3b",-28.88730833,114.0042983,20100101,"09:15:00","Pelsaert","Fished","Whale.Bay",10,"Ant","Yes","Yes",NA
"2010-05_Abrolhos.ROA_stereoBRUVs","10PFS3c",-28.91123333,113.9243367,20100530,"11:46:00","Pelsaert","Fished","Stick.Is.",10,"Ant","Yes","Yes",NA
"2010-05_Abrolhos.ROA_stereoBRUVs","10PFS4a",-28.86354333,114.0033867,20100101,"11:21:00","Pelsaert","Fished","Newman.Is.",10,"Ant","Yes","Yes",NA
"2010-05_Abrolhos.ROA_stereoBRUVs","10PFS4b",-28.88506833,114.0062,20100101,"12:14:00","Pelsaert","Fished","Whale.Bay",10,"Ant","Yes","Yes",NA
"2010-05_Abrolhos.ROA_stereoBRUVs","10PFS4c",-28.90383833,113.923985,20100530,"11:49:00","Pelsaert","Fished","Stick.Is.",10,"Ant","Yes","Yes",NA
"2010-05_Abrolhos.ROA_stereoBRUVs","10PFS5a",-28.86194167,114.0119333,20100101,"13:06:00","Pelsaert","Fished","Newman.Is.",10,"Sam","Yes","Yes",NA
"2010-05_Abrolhos.ROA_stereoBRUVs","10PFS5b",-28.882915,114.0071933,20100101,"12:19:00","Pelsaert","Fished","Whale.Bay",10,"Sam","Yes","Yes",NA
"2010-05_Abrolhos.ROA_stereoBRUVs","10PFS5c",-28.90741167,113.9241033,20100530,"11:56:00","Pelsaert","Fished","Stick.Is.",10,"Derek","Yes","Yes",NA
"2010-05_Abrolhos.ROA_stereoBRUVs","10PRD1",-28.85927167,114.0136,20100530,"08:53:00","Pelsaert","No-take","Coral.Patches",24,"Ant","Yes","Yes",NA
"2010-05_Abrolhos.ROA_stereoBRUVs","10PRD2",-28.85969667,114.0118017,20100530,"08:58:00","Pelsaert","No-take","Coral.Patches",24,"Sam","Yes","Yes",NA
"2010-05_Abrolhos.ROA_stereoBRUVs","10PRD3",-28.859025,114.009275,20100530,"09:02:00","Pelsaert","No-take","Coral.Patches",24,"Ant","Yes","Yes",NA
"2010-05_Abrolhos.ROA_stereoBRUVs","10PRD4",-28.85797333,114.00453,20100101,"15:41:00","Pelsaert","No-take","Coral.Patches",24,"Ant","Yes","Yes",NA
"2010-05_Abrolhos.ROA_stereoBRUVs","10PRD4(2)",-28.857625,114.0047317,20100530,"09:08:00","Pelsaert","No-take","Coral.Patches",25,"Sam","Yes","Yes",NA
"2010-05_Abrolhos.ROA_stereoBRUVs","10PRD5",-28.85564,114.002275,20100530,"09:11:00","Pelsaert","No-take","Coral.Patches",24,"Ant","Yes","Yes",NA
"2010-05_Abrolhos.ROA_stereoBRUVs","10PRS1",-28.85221667,114.0125017,20100530,"09:18:00","Pelsaert","No-take","Coral.Patches",10,"Ant","Yes","Yes",NA
"2010-05_Abrolhos.ROA_stereoBRUVs","10PRS2",-28.85178833,114.0110367,20100101,"15:55:00","Pelsaert","No-take","Coral.Patches",10,"Di","Yes","Yes",NA
"2010-05_Abrolhos.ROA_stereoBRUVs","10PRS2(2)",-28.85229,114.01094,20100530,"09:22:00","Pelsaert","No-take","Coral.Patches",11,"Ant","Yes","Yes",NA
"2010-05_Abrolhos.ROA_stereoBRUVs","10PRS3",-28.85455,114.0118667,20100530,"09:25:00","Pelsaert","No-take","Coral.Patches",12,"Derek","Yes","Yes",NA
"2010-05_Abrolhos.ROA_stereoBRUVs","10PRS4",-28.85422667,114.0146217,20100101,"16:10:00","Pelsaert","No-take","Coral.Patches",13,"Derek","Yes","Yes",NA
"2010-05_Abrolhos.ROA_stereoBRUVs","10PRS4(2)",-28.85469833,114.0144483,20100530,"09:30:00","Pelsaert","No-take","Coral.Patches",14,"Derek","Yes","Yes",NA
"2010-05_Abrolhos.ROA_stereoBRUVs","10PRS5",-28.85670167,114.0155117,20100530,"09:35:00","Pelsaert","No-take","Coral.Patches",10,NA,"Yes","Yes",NA
"2010-05_Abrolhos.ROA_stereoBRUVs","10WFD1a",-28.49188333,113.773245,20100529,"15:08:00","Wallabi","Fished","Long.Is.",24,"Ant","Yes","Yes",NA
"2010-05_Abrolhos.ROA_stereoBRUVs","10WFD1b",-28.47851167,113.76212,20100529,"13:39:00","Wallabi","Fished","Wann.Is.",24,"Ant","Yes","Yes",NA
"2010-05_Abrolhos.ROA_stereoBRUVs","10WFD1c",-28.402465,113.7215883,20100528,"14:40:00","Wallabi","Fished","Fish.Point",24,"Alex","Yes","Yes",NA
"2010-05_Abrolhos.ROA_stereoBRUVs","10WFD2a",-28.48694833,113.7720533,20100529,"15:12:00","Wallabi","Fished","Long.Is.",24,"Derek","Yes","Yes",NA
"2010-05_Abrolhos.ROA_stereoBRUVs","10WFD2b",-28.472205,113.7648267,20100529,"13:43:00","Wallabi","Fished","Wann.Is.",24,"Ant","Yes","Yes",NA
"2010-05_Abrolhos.ROA_stereoBRUVs","10WFD2c",-28.40331,113.7239633,20100528,"14:46:00","Wallabi","Fished","Fish.Point",24,"Sam","Yes","Yes",NA
"2010-05_Abrolhos.ROA_stereoBRUVs","10WFD3a",-28.48935667,113.7719483,20100529,"15:16:00","Wallabi","Fished","Long.Is.",24,"Ant","Yes","Yes",NA
"2010-05_Abrolhos.ROA_stereoBRUVs","10WFD3b",-28.470835,113.7739167,20100529,"13:47:00","Wallabi","Fished","Wann.Is.",24,"Sam","Yes","Yes",NA
"2010-05_Abrolhos.ROA_stereoBRUVs","10WFD3c",-28.40497833,113.7253367,20100528,"14:48:00","Wallabi","Fished","Fish.Point",24,"Ant","Yes","Yes",NA
"2010-05_Abrolhos.ROA_stereoBRUVs","10WFD4a",-28.50615,113.7692467,20100529,"15:24:00","Wallabi","Fished","Long.Is.",24,"Ant","Yes","Yes",NA
"2010-05_Abrolhos.ROA_stereoBRUVs","10WFD4b",-28.46833833,113.7656817,20100529,"13:50:00","Wallabi","Fished","Wann.Is.",24,"Sam","Yes","Yes",NA
"2010-05_Abrolhos.ROA_stereoBRUVs","10WFD4c",-28.407795,113.7304233,20100528,"14:51:00","Wallabi","Fished","Fish.Point",24,"Ant","Yes","Yes",NA
"2010-05_Abrolhos.ROA_stereoBRUVs","10WFD5a",-28.50354167,113.7824333,20100529,"15:28:00","Wallabi","Fished","Long.Is.",24,"Derek","Yes","Yes",NA
"2010-05_Abrolhos.ROA_stereoBRUVs","10WFD5b",-28.465235,113.7730333,20100529,"13:54:00","Wallabi","Fished","Wann.Is.",24,"Sam","Yes","Yes",NA
"2010-05_Abrolhos.ROA_stereoBRUVs","10WFD5c",-28.41327667,113.7379933,20100528,"14:56:00","Wallabi","Fished","Fish.Point",24,"Ant","Yes","Yes",NA
"2010-05_Abrolhos.ROA_stereoBRUVs","10WFS1a",-28.49770667,113.7699233,20100529,"11:27:00","Wallabi","Fished","Long.Is.",10,NA,"Yes","Yes",NA
"2010-05_Abrolhos.ROA_stereoBRUVs","10WFS1b",-28.47966667,113.7613483,20100529,"13:22:00","Wallabi","Fished","Wann.Is.",10,"Ant","Yes","Yes",NA
"2010-05_Abrolhos.ROA_stereoBRUVs","10WFS1c",-28.41852833,113.73721,20100528,"15:00:00","Wallabi","Fished","Fish.Point",10,"Derek","Yes","Yes",NA
"2010-05_Abrolhos.ROA_stereoBRUVs","10WFS2a",-28.49468333,113.7708517,20100529,"11:31:00","Wallabi","Fished","Long.Is.",10,"Ant","Yes","Yes",NA
"2010-05_Abrolhos.ROA_stereoBRUVs","10WFS2b",-28.46918667,113.7689217,20100529,"13:26:00","Wallabi","Fished","Wann.Is.",10,"Derek","Yes","Yes",NA
"2010-05_Abrolhos.ROA_stereoBRUVs","10WFS2c",-28.42113833,113.7370533,20100528,"15:03:00","Wallabi","Fished","Fish.Point",10,"Sam","Yes","Yes",NA
"2010-05_Abrolhos.ROA_stereoBRUVs","10WFS3a",-28.48129167,113.774635,20100529,"11:35:00","Wallabi","Fished","Long.Is.",10,"Derek","Yes","Yes",NA
"2010-05_Abrolhos.ROA_stereoBRUVs","10WFS3b",-28.47437167,113.7654367,20100529,"13:30:00","Wallabi","Fished","Wann.Is.",10,"Sam","Yes","Yes",NA
"2010-05_Abrolhos.ROA_stereoBRUVs","10WFS3c",-28.42177667,113.740765,20100528,"15:06:00","Wallabi","Fished","Fish.Point",10,"Di","Yes","Yes",NA
"2010-05_Abrolhos.ROA_stereoBRUVs","10WFS4a",-28.47895667,113.775655,20100529,"11:40:00","Wallabi","Fished","Long.Is.",10,"Di","Yes","Yes",NA
"2010-05_Abrolhos.ROA_stereoBRUVs","10WFS4b",-28.475675,113.76433,20100529,"13:33:00","Wallabi","Fished","Wann.Is.",10,"Derek","Yes","Yes",NA
"2010-05_Abrolhos.ROA_stereoBRUVs","10WFS4c",-28.424525,113.74415,20100528,"15:09:00","Wallabi","Fished","Fish.Point",10,"Derek","Yes","Yes",NA
"2010-05_Abrolhos.ROA_stereoBRUVs","10WFS5a",-28.49211833,113.7711967,20100529,"11:43:00","Wallabi","Fished","Long.Is.",10,"Sam","Yes","Yes",NA
"2010-05_Abrolhos.ROA_stereoBRUVs","10WFS5b",-28.47743,113.7639867,20100529,"13:36:00","Wallabi","Fished","Wann.Is.",10,NA,"Yes","Yes",NA
"2010-05_Abrolhos.ROA_stereoBRUVs","10WFS5c",-28.42346333,113.74885,20100528,"15:11:00","Wallabi","Fished","Fish.Point",10,"Derek","Yes","Yes",NA
"2010-05_Abrolhos.ROA_stereoBRUVs","10WRD1",-28.45952333,113.7751033,20100529,"09:19:00","Wallabi","No-take","Beacon.Is.",24,"Ant","Yes","Yes",NA
"2010-05_Abrolhos.ROA_stereoBRUVs","10WRD2",-28.46183833,113.7748517,20100529,"09:21:00","Wallabi","No-take","Beacon.Is.",24,"Sam","Yes","Yes",NA
"2010-05_Abrolhos.ROA_stereoBRUVs","10WRD3",-28.481155,113.7938333,20100529,"09:29:00","Wallabi","No-take","Beacon.Is.",24,"Sam","Yes","Yes",NA
"2010-05_Abrolhos.ROA_stereoBRUVs","10WRD4",-28.48546667,113.7826217,20100529,"09:32:00","Wallabi","No-take","Dive.Trail",24,"Sam","Yes","Yes",NA
"2010-05_Abrolhos.ROA_stereoBRUVs","10WRD5",-28.48740333,113.7816617,20100529,"09:35:00","Wallabi","No-take","Dive.Trail",24,"Derek","Yes","Yes",NA
"2010-05_Abrolhos.ROA_stereoBRUVs","10WRD6",-28.48929333,113.7771533,20100529,"11:04:00","Wallabi","No-take","Dive.Trail",25,"Ant","Yes","Yes",NA
"2010-05_Abrolhos.ROA_stereoBRUVs","10WRD7",-28.48958167,113.78188,20100529,"11:08:00","Wallabi","No-take","Dive.Trail",26,"Sam","Yes","Yes",NA
"2010-05_Abrolhos.ROA_stereoBRUVs","10WRS1",-28.47981167,113.7851567,20100529,"09:00:00","Wallabi","No-take","Beacon.Is.",10,"Ant","Yes","Yes",NA
"2010-05_Abrolhos.ROA_stereoBRUVs","10WRS2",-28.47549667,113.79145,20100529,"09:04:00","Wallabi","No-take","Dive.Trail",10,"Derek","Yes","Yes",NA
"2010-05_Abrolhos.ROA_stereoBRUVs","10WRS3",-28.45688167,113.7752283,20100529,"09:10:00","Wallabi","No-take","Dive.Trail",10,"Alex","Yes","Yes",NA
"2010-05_Abrolhos.ROA_stereoBRUVs","10WRS4",-28.45564167,113.77413,20100529,"09:13:00","Wallabi","No-take","Dive.Trail",10,"Sam","Yes","Yes",NA
"2010-05_Abrolhos.ROA_stereoBRUVs","10WRS5",-28.45676333,113.772145,20100529,"09:15:00","Wallabi","No-take","Dive.Trail",10,"Sam","Yes","Yes",NA
"2010-05_Abrolhos.ROA_stereoBRUVs","10WRS6",-28.491705,113.7810067,20100529,"11:12:00","Wallabi","No-take","Dive.Trail",11,"Sam","Yes","Yes",NA
"2010-05_Abrolhos.ROA_stereoBRUVs","10WRS7",-28.49408167,113.7795767,20100529,"11:15:00","Wallabi","No-take","Dive.Trail",12,"Sam","Yes","Yes",NA
"2010-05_Abrolhos.ROA_stereoBRUVs","10WRS8",-28.48841167,113.7859833,20100529,"11:20:00","Wallabi","No-take","Dive.Trail",13,"Sam","Yes","Yes",NA
